[
{
    "model": "stream.category",
    "pk": 1,
    "fields": {
        "name": "Defense of the Ancients 2",
        "when": "2018-05-18T03:35:45.055Z",
        "removed": false
    }
},
{
    "model": "stream.category",
    "pk": 2,
    "fields": {
        "name": "Rules of Survival",
        "when": "2018-05-18T03:36:15.493Z",
        "removed": false
    }
},
{
    "model": "stream.category",
    "pk": 3,
    "fields": {
        "name": "Counter-Strike: Global Offensive",
        "when": "2018-05-18T03:36:41.377Z",
        "removed": false
    }
},
{
    "model": "stream.category",
    "pk": 4,
    "fields": {
        "name": "Paladins",
        "when": "2018-05-18T03:36:52.081Z",
        "removed": false
    }
},
{
    "model": "stream.category",
    "pk": 5,
    "fields": {
        "name": "Fornite",
        "when": "2018-05-18T03:37:02.101Z",
        "removed": false
    }
},
{
    "model": "stream.category",
    "pk": 6,
    "fields": {
        "name": "Payday",
        "when": "2018-05-18T03:37:15.630Z",
        "removed": false
    }
},
{
    "model": "stream.category",
    "pk": 7,
    "fields": {
        "name": "Team Fortress 2",
        "when": "2018-05-18T03:37:24.407Z",
        "removed": false
    }
},
{
    "model": "stream.category",
    "pk": 8,
    "fields": {
        "name": "Rainbow Six Siege",
        "when": "2018-05-18T03:41:03.697Z",
        "removed": false
    }
},
{
    "model": "stream.category",
    "pk": 9,
    "fields": {
        "name": "Warframe",
        "when": "2018-05-18T03:41:40.734Z",
        "removed": false
    }
},
{
    "model": "stream.category",
    "pk": 10,
    "fields": {
        "name": "League of Legends",
        "when": "2018-05-18T03:41:53.776Z",
        "removed": false
    }
},
{
    "model": "stream.profile",
    "pk": 1,
    "fields": {
        "owner": 1,
        "nickname": "Rayver",
        "avatar": "stream/static/images/default_YkX3ZMy.jpg",
        "when": "2018-05-18T03:50:16.222Z",
        "removed": false
    }
},
{
    "model": "stream.profile",
    "pk": 2,
    "fields": {
        "owner": 6,
        "nickname": "Josh",
        "avatar": "stream/static/images/default_uhesStA.jpg",
        "when": "2018-05-18T03:50:44.773Z",
        "removed": false
    }
},
{
    "model": "stream.profile",
    "pk": 3,
    "fields": {
        "owner": 3,
        "nickname": "Maxy",
        "avatar": "stream/static/images/default_EbY5EW4.jpg",
        "when": "2018-05-18T03:51:15.230Z",
        "removed": false
    }
},
{
    "model": "stream.profile",
    "pk": 4,
    "fields": {
        "owner": 2,
        "nickname": "Sensei",
        "avatar": "stream/static/images/default_CElhoGI.jpg",
        "when": "2018-05-18T03:51:46.374Z",
        "removed": false
    }
},
{
    "model": "stream.profile",
    "pk": 5,
    "fields": {
        "owner": 9,
        "nickname": "Megan",
        "avatar": "stream/static/images/default_yyebR51.jpg",
        "when": "2018-05-18T03:52:19.438Z",
        "removed": false
    }
},
{
    "model": "stream.profile",
    "pk": 6,
    "fields": {
        "owner": 10,
        "nickname": "Mic",
        "avatar": "stream/static/images/default_S4CDkbx.jpg",
        "when": "2018-05-18T03:52:49.687Z",
        "removed": false
    }
},
{
    "model": "stream.profile",
    "pk": 7,
    "fields": {
        "owner": 4,
        "nickname": "Aussie",
        "avatar": "stream/static/images/default_QwOphZw.jpg",
        "when": "2018-05-18T03:53:20.083Z",
        "removed": false
    }
},
{
    "model": "stream.profile",
    "pk": 8,
    "fields": {
        "owner": 5,
        "nickname": "Ross",
        "avatar": "stream/static/images/default_jwnaFny.jpg",
        "when": "2018-05-18T03:53:47.475Z",
        "removed": false
    }
},
{
    "model": "stream.profile",
    "pk": 9,
    "fields": {
        "owner": 8,
        "nickname": "Trisha",
        "avatar": "stream/static/images/default_1My5FN4.jpg",
        "when": "2018-05-18T03:54:21.681Z",
        "removed": false
    }
},
{
    "model": "stream.profile",
    "pk": 10,
    "fields": {
        "owner": 7,
        "nickname": "Tex",
        "avatar": "stream/static/images/default_Rpcdf5o.jpg",
        "when": "2018-05-18T03:54:54.630Z",
        "removed": false
    }
},
{
    "model": "stream.lobby",
    "pk": 1,
    "fields": {
        "owner": 1,
        "name": "Legends",
        "image": "stream/static/images/default_r1tzIKB.jpg",
        "category": 10,
        "description": "Witness Great Strats!",
        "when": "2018-05-18T03:58:36.849Z",
        "removed": false
    }
},
{
    "model": "stream.lobby",
    "pk": 2,
    "fields": {
        "owner": 2,
        "name": "The Dojo",
        "image": "stream/static/images/default_U3RPwtG.jpg",
        "category": 9,
        "description": "The Master is In Here",
        "when": "2018-05-18T04:01:02.267Z",
        "removed": false
    }
},
{
    "model": "stream.lobby",
    "pk": 3,
    "fields": {
        "owner": 9,
        "name": "ROS Junkies",
        "image": "stream/static/images/default.jpg",
        "category": 2,
        "description": "Let's Waste Some Hackers",
        "when": "2018-05-18T04:37:11.063Z",
        "removed": false
    }
},
{
    "model": "stream.moderator",
    "pk": 1,
    "fields": {
        "owner": 1,
        "lobby": 1,
        "when": "2018-05-18T04:57:23.091Z",
        "removed": false
    }
},
{
    "model": "stream.moderator",
    "pk": 2,
    "fields": {
        "owner": 6,
        "lobby": 1,
        "when": "2018-05-18T04:57:31.699Z",
        "removed": false
    }
},
{
    "model": "stream.moderator",
    "pk": 3,
    "fields": {
        "owner": 2,
        "lobby": 2,
        "when": "2018-05-18T04:58:24.889Z",
        "removed": false
    }
},
{
    "model": "stream.moderator",
    "pk": 4,
    "fields": {
        "owner": 9,
        "lobby": 3,
        "when": "2018-05-18T04:58:32.394Z",
        "removed": false
    }
},
{
    "model": "stream.moderator",
    "pk": 5,
    "fields": {
        "owner": 5,
        "lobby": 3,
        "when": "2018-05-18T04:58:57.634Z",
        "removed": false
    }
},
{
    "model": "stream.stream",
    "pk": 1,
    "fields": {
        "lobby": 1,
        "owner": 1,
        "image": "stream/static/images/default_y27x0Sp.jpg",
        "title": "Legendary",
        "URL": "",
        "description": "Try Me",
        "tag": 2,
        "when": "2018-05-18T05:27:49.473Z",
        "removed": false
    }
},
{
    "model": "stream.stream",
    "pk": 2,
    "fields": {
        "lobby": 1,
        "owner": 6,
        "image": "stream/static/images/default_iQ1w8ND.jpg",
        "title": "Legendary-ish",
        "URL": "",
        "description": "hahahah trying out this game",
        "tag": 2,
        "when": "2018-05-18T05:29:46.390Z",
        "removed": false
    }
},
{
    "model": "stream.stream",
    "pk": 3,
    "fields": {
        "lobby": 2,
        "owner": 2,
        "image": "stream/static/images/default_IfTkFuH.jpg",
        "title": "Mastery",
        "URL": "",
        "description": "Observe",
        "tag": 2,
        "when": "2018-05-18T05:40:40.435Z",
        "removed": false
    }
},
{
    "model": "stream.stream",
    "pk": 4,
    "fields": {
        "lobby": 3,
        "owner": 9,
        "image": "stream/static/images/default_9SptcSv.jpg",
        "title": "Lead",
        "URL": "",
        "description": "Let's Waste Some Hackers",
        "tag": 2,
        "when": "2018-05-18T06:08:23.369Z",
        "removed": false
    }
},
{
    "model": "stream.stream",
    "pk": 5,
    "fields": {
        "lobby": 3,
        "owner": 5,
        "image": "stream/static/images/default_65kMVcy.jpg",
        "title": "Second In Command",
        "URL": "",
        "description": "Scouting is Key",
        "tag": 2,
        "when": "2018-05-18T06:09:25.781Z",
        "removed": false
    }
},
{
    "model": "stream.stream",
    "pk": 6,
    "fields": {
        "lobby": 3,
        "owner": 8,
        "image": "stream/static/images/default_wYZo25a.jpg",
        "title": "Private",
        "URL": "",
        "description": "Newb Here hahaha",
        "tag": 2,
        "when": "2018-05-18T06:11:25.126Z",
        "removed": false
    }
},
{
    "model": "stream.comment",
    "pk": 1,
    "fields": {
        "text": "Check out Thraxx's Stream right now!",
        "owner": 7,
        "lobby": 1,
        "when": "2018-05-18T05:12:46.845Z",
        "removed": false
    }
},
{
    "model": "stream.comment",
    "pk": 2,
    "fields": {
        "text": "Sick kill from JT",
        "owner": 10,
        "lobby": 1,
        "when": "2018-05-18T05:13:25.375Z",
        "removed": false
    }
},
{
    "model": "stream.comment",
    "pk": 3,
    "fields": {
        "text": "Hi guys!",
        "owner": 4,
        "lobby": 3,
        "when": "2018-05-18T05:19:40.248Z",
        "removed": false
    }
},
{
    "model": "stream.comment",
    "pk": 4,
    "fields": {
        "text": "Okay Sensei, I'm ready for training",
        "owner": 7,
        "lobby": 2,
        "when": "2018-05-18T05:20:20.388Z",
        "removed": false
    }
},
{
    "model": "stream.comment",
    "pk": 5,
    "fields": {
        "text": "Very well my apprentice... LET'S BEGIN!!",
        "owner": 2,
        "lobby": 2,
        "when": "2018-05-18T05:21:11.111Z",
        "removed": false
    }
},
{
    "model": "stream.comment",
    "pk": 6,
    "fields": {
        "text": "Welcome! Wanna Join?",
        "owner": 9,
        "lobby": 3,
        "when": "2018-05-18T05:21:39.689Z",
        "removed": false
    }
},
{
    "model": "stream.comment",
    "pk": 7,
    "fields": {
        "text": "HAHAHAHA Did you guys, see that? XD",
        "owner": 1,
        "lobby": 1,
        "when": "2018-05-18T05:22:15.727Z",
        "removed": false
    }
},
{
    "model": "stream.comment",
    "pk": 8,
    "fields": {
        "text": "What's taking him so long?? -_-",
        "owner": 5,
        "lobby": 3,
        "when": "2018-05-18T05:23:05.927Z",
        "removed": false
    }
},
{
    "model": "stream.comment",
    "pk": 9,
    "fields": {
        "text": "Hey wait up!",
        "owner": 10,
        "lobby": 2,
        "when": "2018-05-18T05:23:47.178Z",
        "removed": false
    }
},
{
    "model": "stream.comment",
    "pk": 10,
    "fields": {
        "text": "Hurry!!!",
        "owner": 7,
        "lobby": 2,
        "when": "2018-05-18T05:24:05.422Z",
        "removed": false
    }
},
{
    "model": "stream.lobbymembership",
    "pk": 1,
    "fields": {
        "member": 1,
        "lobby": 1
    }
},
{
    "model": "stream.lobbymembership",
    "pk": 2,
    "fields": {
        "member": 2,
        "lobby": 1
    }
},
{
    "model": "stream.lobbymembership",
    "pk": 3,
    "fields": {
        "member": 4,
        "lobby": 2
    }
},
{
    "model": "stream.lobbymembership",
    "pk": 4,
    "fields": {
        "member": 3,
        "lobby": 2
    }
},
{
    "model": "stream.lobbymembership",
    "pk": 5,
    "fields": {
        "member": 5,
        "lobby": 3
    }
},
{
    "model": "stream.lobbymembership",
    "pk": 6,
    "fields": {
        "member": 9,
        "lobby": 3
    }
},
{
    "model": "stream.lobbymembership",
    "pk": 7,
    "fields": {
        "member": 8,
        "lobby": 3
    }
}
]
